fips,year,yield_bushels_acre_combined,cover_crop_ratio
19001,2017,112.85,0.628674122932798
19003,2017,116.25,0.06262371267104622
19005,2017,121.55,0.15671737256319698
19007,2017,110.35,0.09753145199686893
19009,2017,134.2,0.024878057308694208
