fips,year,yield_bushels_acre_combined,cover_crop_ratio
19001,2017,112.85,0.628674122932798
19001,2022,105.85,0.5635962521170886
19003,2017,116.25,0.06262371267104622
19005,2017,121.55,0.15671737256319698
19005,2022,138.55,0.2176412632196799
19007,2017,110.35,0.09753145199686893
19007,2022,93.25,0.11187676387582314
19009,2017,134.2,0.024878057308694208
19009,2022,127.9,0.03144737517758417
